ds,ENTRIES_DIFF,EXITS_DIFF,y
2014-02-01,91791.0,97974.0,189765.0
2014-02-02,75520.0,75016.0,150536.0
2014-02-03,164995.0,142947.0,307942.0
2014-02-04,188258.0,162660.0,350918.0
2014-02-05,140349.0,130518.0,270867.0
2014-02-06,190350.0,170609.0,360959.0
2014-02-07,187810.0,173608.0,361418.0
2014-02-08,89287.0,88293.0,177580.0
2014-02-09,70611.0,66801.0,137412.0
2014-02-10,176081.0,156490.0,332571.0
2014-02-11,184459.0,164078.0,348537.0
2014-02-12,193850.0,171217.0,365067.0
2014-02-13,110773.0,98805.0,209578.0
2014-02-14,167553.0,160797.0,328350.0
2014-02-15,90002.0,90528.0,180530.0
2014-02-16,81232.0,81042.0,162274.0
2014-02-17,110436.0,99628.0,210064.0
2014-02-18,179422.0,154850.0,334272.0
2014-02-19,182943.0,163826.0,346769.0
2014-02-20,183897.0,167380.0,351277.0
2014-02-21,180432.0,168732.0,349164.0
2014-02-22,98770.0,92588.0,191358.0
2014-02-23,75174.0,69947.0,145121.0
2014-02-24,181278.0,159918.0,341196.0
2014-02-25,185013.0,160865.0,345878.0
2014-02-26,179347.0,156549.0,335896.0
2014-02-27,186694.0,170700.0,357394.0
2014-02-28,187597.0,173149.0,360746.0
2014-03-01,95595.0,93134.0,188729.0
2014-03-02,81088.0,72104.0,153192.0
2014-03-03,172777.0,151649.0,324426.0
2014-03-04,187923.0,164363.0,352286.0
2014-03-05,188887.0,164727.0,353614.0
2014-03-06,190801.0,170989.0,361790.0
2014-03-07,192001.0,176862.0,368863.0
2014-03-08,103115.0,102842.0,205957.0
2014-03-09,78904.0,76321.0,155225.0
2014-03-10,179186.0,157817.0,337003.0
2014-03-11,188788.0,163575.0,352363.0
2014-03-12,186444.0,170536.0,356980.0
2014-03-13,196506.0,170694.0,367200.0
2014-03-14,187817.0,173409.0,361226.0
2014-03-15,101162.0,99234.0,200396.0
2014-03-16,82163.0,80462.0,162625.0
2014-03-17,176097.0,151995.0,328092.0
2014-03-18,180356.0,160153.0,340509.0
2014-03-19,192715.0,169638.0,362353.0
2014-03-20,183264.0,165271.0,348535.0
2014-03-21,181778.0,168542.0,350320.0
2014-03-22,99360.0,95552.0,194912.0
2014-03-23,83388.0,82284.0,165672.0
2014-03-24,182855.0,156212.0,339067.0
2014-03-25,182346.0,157358.0,339704.0
2014-03-26,182755.0,163911.0,346666.0
2014-03-27,195101.0,164494.0,359595.0
2014-03-28,178463.0,170083.0,348546.0
2014-03-29,93672.0,91098.0,184770.0
2014-03-30,85955.0,81091.0,167046.0
2014-03-31,180160.0,150236.0,330396.0
2014-04-01,179930.0,157722.0,337652.0
2014-04-02,183613.0,164394.0,348007.0
2014-04-03,186577.0,165669.0,352246.0
2014-04-04,187047.0,177173.0,364220.0
2014-04-05,110554.0,105820.0,216374.0
2014-04-06,86905.0,87184.0,174089.0
2014-04-07,182359.0,158544.0,340903.0
2014-04-08,183074.0,160061.0,343135.0
2014-04-09,183534.0,163083.0,346617.0
2014-04-10,187395.0,166622.0,354017.0
2014-04-11,181720.0,169927.0,351647.0
2014-04-12,100306.0,97696.0,198002.0
2014-04-13,83864.0,83696.0,167560.0
2014-04-14,171826.0,159556.0,331382.0
2014-04-15,179160.0,158480.0,337640.0
2014-04-16,187177.0,169426.0,356603.0
2014-04-17,191972.0,174914.0,366886.0
2014-04-18,159061.0,156991.0,316052.0
2014-04-19,99949.0,103022.0,202971.0
2014-04-20,86105.0,83478.0,169583.0
2014-04-21,177045.0,151681.0,328726.0
2014-04-22,180170.0,159258.0,339428.0
2014-04-23,187567.0,166134.0,353701.0
2014-04-24,184314.0,171551.0,355865.0
2014-04-25,186460.0,174231.0,360691.0
2014-04-26,104465.0,96224.0,200689.0
2014-04-27,93495.0,81369.0,174864.0
2014-04-28,175040.0,151169.0,326209.0
2014-04-29,183016.0,162623.0,345639.0
2014-04-30,197441.0,181000.0,378441.0
2014-05-01,189574.0,161225.0,350799.0
2014-05-02,183370.0,165994.0,349364.0
2014-05-03,101822.0,100971.0,202793.0
2014-05-04,85337.0,81733.0,167070.0
2014-05-05,179281.0,160020.0,339301.0
2014-05-06,184509.0,160857.0,345366.0
2014-05-07,184540.0,166230.0,350770.0
2014-05-08,194230.0,166888.0,361118.0
2014-05-09,181952.0,172200.0,354152.0
2014-05-10,99717.0,101669.0,201386.0
2014-05-11,85376.0,84498.0,169874.0
2014-05-12,183827.0,153018.0,336845.0
2014-05-13,181111.0,162321.0,343432.0
2014-05-14,188909.0,164991.0,353900.0
2014-05-15,187674.0,166952.0,354626.0
2014-05-16,180165.0,171986.0,352151.0
2014-05-17,103790.0,103833.0,207623.0
2014-05-18,92096.0,89095.0,181191.0
2014-05-19,181395.0,157834.0,339229.0
2014-05-20,186984.0,165869.0,352853.0
2014-05-21,184567.0,168656.0,353223.0
2014-05-22,196711.0,176539.0,373250.0
2014-05-23,176761.0,173852.0,350613.0
2014-05-24,81158.0,87720.0,168878.0
2014-05-25,91633.0,100681.0,192314.0
2014-05-26,95460.0,79813.0,175273.0
2014-05-27,186715.0,157808.0,344523.0
2014-05-28,186920.0,165165.0,352085.0
2014-05-29,185462.0,170768.0,356230.0
2014-05-30,185287.0,174583.0,359870.0
2014-05-31,97537.0,96292.0,193829.0
2014-06-01,94561.0,74905.0,169466.0
2014-06-02,178844.0,147149.0,325993.0
2014-06-03,183888.0,161077.0,344965.0
2014-06-04,179177.0,155950.0,335127.0
2014-06-05,189186.0,158803.0,347989.0
2014-06-06,181001.0,164359.0,345360.0
2014-06-07,101423.0,102508.0,203931.0
2014-06-08,97120.0,82820.0,179940.0
2014-06-09,190736.0,154739.0,345475.0
2014-06-10,188901.0,159692.0,348593.0
2014-06-11,190632.0,165732.0,356364.0
2014-06-12,193580.0,161576.0,355156.0
2014-06-13,185887.0,171734.0,357621.0
2014-06-14,99840.0,98640.0,198480.0
2014-06-15,87305.0,78809.0,166114.0
2014-06-16,184644.0,149453.0,334097.0
2014-06-17,186379.0,156164.0,342543.0
2014-06-18,188150.0,160025.0,348175.0
2014-06-19,187639.0,160414.0,348053.0
2014-06-20,179192.0,165546.0,344738.0
2014-06-21,100529.0,97183.0,197712.0
2014-06-22,94771.0,83089.0,177860.0
2014-06-23,182852.0,151077.0,333929.0
2014-06-24,182050.0,155913.0,337963.0
2014-06-25,185773.0,157636.0,343409.0
2014-06-26,186943.0,162138.0,349081.0
2014-06-27,178453.0,166734.0,345187.0
2014-06-28,100193.0,90961.0,191154.0
2014-06-29,96409.0,85284.0,181693.0
2014-06-30,183464.0,155165.0,338629.0
2014-07-01,182184.0,157211.0,339395.0
2014-07-02,182278.0,166413.0,348691.0
2014-07-03,166629.0,163410.0,330039.0
2014-07-04,76097.0,72600.0,148697.0
2014-07-05,77655.0,82188.0,159843.0
2014-07-06,91632.0,69453.0,161085.0
2014-07-07,179011.0,146152.0,325163.0
2014-07-08,173945.0,153198.0,327143.0
2014-07-09,181977.0,156890.0,338867.0
2014-07-10,181845.0,159187.0,341032.0
2014-07-11,174806.0,167756.0,342562.0
2014-07-12,98956.0,97028.0,195984.0
2014-07-13,87405.0,71707.0,159112.0
2014-07-14,178707.0,151969.0,330676.0
2014-07-15,184486.0,157996.0,342482.0
2014-07-16,185982.0,157050.0,343032.0
2014-07-17,183644.0,161312.0,344956.0
2014-07-18,175706.0,162461.0,338167.0
2014-07-19,92873.0,87605.0,180478.0
2014-07-20,87319.0,73413.0,160732.0
2014-07-21,179508.0,145811.0,325319.0
2014-07-22,181504.0,153089.0,334593.0
2014-07-23,183857.0,157075.0,340932.0
2014-07-24,182597.0,159329.0,341926.0
2014-07-25,174206.0,161550.0,335756.0
2014-07-26,97147.0,91992.0,189139.0
2014-07-27,88219.0,74300.0,162519.0
2014-07-28,179365.0,145540.0,324905.0
2014-07-29,182046.0,153187.0,335233.0
2014-07-30,184776.0,156591.0,341367.0
2014-07-31,181188.0,158169.0,339357.0
2014-08-01,172166.0,162125.0,334291.0
2014-08-02,89756.0,82146.0,171902.0
2014-08-03,83950.0,71221.0,155171.0
2014-08-04,178149.0,145945.0,324094.0
2014-08-05,178640.0,153385.0,332025.0
2014-08-06,182709.0,154001.0,336710.0
2014-08-07,181335.0,161632.0,342967.0
2014-08-08,174644.0,160949.0,335593.0
2014-08-09,97363.0,89835.0,187198.0
2014-08-10,90562.0,75785.0,166347.0
2014-08-11,173762.0,141281.0,315043.0
2014-08-12,173656.0,150056.0,323712.0
2014-08-13,175257.0,145843.0,321100.0
2014-08-14,173636.0,150050.0,323686.0
2014-08-15,164070.0,152821.0,316891.0
2014-08-16,91502.0,86520.0,178022.0
2014-08-17,87467.0,73077.0,160544.0
2014-08-18,170786.0,138412.0,309198.0
2014-08-19,170619.0,146289.0,316908.0
2014-08-20,171436.0,149419.0,320855.0
2014-08-21,174430.0,150149.0,324579.0
2014-08-22,160546.0,153788.0,314334.0
2014-08-23,91346.0,82502.0,173848.0
2014-08-24,84209.0,72213.0,156422.0
2014-08-25,168288.0,138215.0,306503.0
2014-08-26,166814.0,141203.0,308017.0
2014-08-27,167355.0,144216.0,311571.0
2014-08-28,166773.0,147861.0,314634.0
2014-08-29,155795.0,145675.0,301470.0
2014-08-30,89076.0,83849.0,172925.0
2014-08-31,76816.0,69155.0,145971.0
2014-09-01,87582.0,66374.0,153956.0
2014-09-02,174569.0,144739.0,319308.0
2014-09-03,176012.0,149503.0,325515.0
2014-09-04,178465.0,152837.0,331302.0
2014-09-05,175240.0,157031.0,332271.0
2014-09-06,87654.0,80682.0,168336.0
2014-09-07,80428.0,69800.0,150228.0
2014-09-08,176783.0,145243.0,322026.0
2014-09-09,182011.0,152720.0,334731.0
2014-09-10,181142.0,156362.0,337504.0
2014-09-11,180403.0,151798.0,332201.0
2014-09-12,177326.0,161217.0,338543.0
2014-09-13,93142.0,85117.0,178259.0
2014-09-14,84850.0,70164.0,155014.0
2014-09-15,179357.0,148601.0,327958.0
2014-09-16,198532.0,163895.0,362427.0
2014-09-17,183762.0,156397.0,340159.0
2014-09-18,187633.0,159256.0,346889.0
2014-09-19,184432.0,162779.0,347211.0
2014-09-20,100966.0,91671.0,192637.0
2014-09-21,108769.0,86868.0,195637.0
2014-09-22,190505.0,160535.0,351040.0
2014-09-23,194905.0,165770.0,360675.0
2014-09-24,184740.0,165834.0,350574.0
2014-09-25,172182.0,149099.0,321281.0
2014-09-26,169618.0,151417.0,321035.0
2014-09-27,97866.0,87861.0,185727.0
2014-09-28,88739.0,77485.0,166224.0
2014-09-29,176742.0,148947.0,325689.0
2014-09-30,180084.0,150362.0,330446.0
2014-10-01,184296.0,156196.0,340492.0
2014-10-02,183954.0,157962.0,341916.0
2014-10-03,176786.0,163609.0,340395.0
2014-10-04,90041.0,82668.0,172709.0
2014-10-05,94138.0,77857.0,171995.0
2014-10-06,179848.0,149764.0,329612.0
2014-10-07,184346.0,156254.0,340600.0
2014-10-08,186627.0,158224.0,344851.0
2014-10-09,189654.0,167311.0,356965.0
2014-10-10,192413.0,174951.0,367364.0
2014-10-11,104769.0,91831.0,196600.0
2014-10-12,99557.0,84104.0,183661.0
2014-10-13,148009.0,124247.0,272256.0
2014-10-14,186464.0,153123.0,339587.0
2014-10-15,183892.0,155971.0,339863.0
2014-10-16,183263.0,156096.0,339359.0
2014-10-17,122842.0,88213.0,211055.0
2014-10-18,164522.0,169544.0,334066.0
2014-10-19,91838.0,77482.0,169320.0
2014-10-20,183447.0,151642.0,335089.0
2014-10-21,197064.0,165723.0,362787.0
2014-10-22,194328.0,167096.0,361424.0
2014-10-23,200347.0,163372.0,363719.0
2014-10-24,181556.0,163940.0,345496.0
2014-10-25,102208.0,91875.0,194083.0
2014-10-26,91251.0,79003.0,170254.0
2014-10-27,181316.0,151160.0,332476.0
2014-10-28,185981.0,157214.0,343195.0
2014-10-29,187481.0,163189.0,350670.0
2014-10-30,201680.0,169767.0,371447.0
2014-10-31,191360.0,161354.0,352714.0
2014-11-01,103322.0,101417.0,204739.0
2014-11-02,100308.0,88015.0,188323.0
2014-11-03,184695.0,156257.0,340952.0
2014-11-04,183030.0,154737.0,337767.0
2014-11-05,189606.0,160668.0,350274.0
2014-11-06,194281.0,162974.0,357255.0
2014-11-07,191251.0,168288.0,359539.0
2014-11-08,102495.0,90051.0,192546.0
2014-11-09,87627.0,77373.0,165000.0
2014-11-10,183865.0,153700.0,337565.0
2014-11-11,168136.0,143392.0,311528.0
2014-11-12,187691.0,158913.0,346604.0
2014-11-13,191504.0,164314.0,355818.0
2014-11-14,189652.0,168148.0,357800.0
2014-11-15,100292.0,89184.0,189476.0
2014-11-16,85841.0,74292.0,160133.0
2014-11-17,186135.0,153221.0,339356.0
2014-11-18,190623.0,160993.0,351616.0
2014-11-19,199173.0,171133.0,370306.0
2014-11-20,193454.0,162440.0,355894.0
2014-11-21,192301.0,168091.0,360392.0
2014-11-22,100212.0,89553.0,189765.0
2014-11-23,82367.0,73311.0,155678.0
2014-11-24,188166.0,151436.0,339602.0
2014-11-25,184791.0,170007.0,354798.0
2014-11-26,172262.0,175453.0,347715.0
2014-11-27,74440.0,87962.0,162402.0
2014-11-28,137598.0,105837.0,243435.0
2014-11-29,109745.0,84617.0,194362.0
2014-11-30,102214.0,73545.0,175759.0
2014-12-01,192060.0,162451.0,354511.0
2014-12-02,189913.0,162931.0,352844.0
2014-12-03,194186.0,163421.0,357607.0
2014-12-04,193967.0,169710.0,363677.0
2014-12-05,194759.0,170904.0,365663.0
2014-12-06,109171.0,96544.0,205715.0
2014-12-07,89368.0,84229.0,173597.0
2014-12-08,195375.0,159817.0,355192.0
2014-12-09,194700.0,158279.0,352979.0
2014-12-10,200217.0,166396.0,366613.0
2014-12-11,197773.0,161792.0,359565.0
2014-12-12,201083.0,174249.0,375332.0
2014-12-13,124318.0,107277.0,231595.0
2014-12-14,95947.0,92203.0,188150.0
2014-12-15,189896.0,157456.0,347352.0
2014-12-16,193262.0,168953.0,362215.0
2014-12-17,198143.0,168226.0,366369.0
2014-12-18,193888.0,170885.0,364773.0
2014-12-19,197991.0,172965.0,370956.0
2014-12-20,118597.0,111134.0,229731.0
2014-12-21,97446.0,91935.0,189381.0
2014-12-22,185738.0,160158.0,345896.0
2014-12-23,179635.0,166351.0,345986.0
2014-12-24,130498.0,130430.0,260928.0
2014-12-25,51044.0,48102.0,99146.0
2014-12-26,130420.0,107081.0,237501.0
2014-12-27,112750.0,93389.0,206139.0
2014-12-28,93559.0,77098.0,170657.0
2014-12-29,169464.0,136418.0,305882.0
2014-12-30,172837.0,144238.0,317075.0
2014-12-31,155832.0,125060.0,280892.0
2015-01-01,68135.0,65394.0,133529.0
2015-01-02,127287.0,105436.0,232723.0
2015-01-03,86825.0,71216.0,158041.0
2015-01-04,68931.0,55710.0,124641.0
2015-01-05,161369.0,125803.0,287172.0
2015-01-06,158614.0,131683.0,290297.0
2015-01-07,167300.0,139279.0,306579.0
2015-01-08,166662.0,138960.0,305622.0
2015-01-09,163222.0,133288.0,296510.0
2015-01-10,83517.0,68191.0,151708.0
2015-01-11,64261.0,50419.0,114680.0
2015-01-12,156877.0,126237.0,283114.0
2015-01-13,159294.0,134741.0,294035.0
2015-01-14,166690.0,136280.0,302970.0
2015-01-15,165828.0,137257.0,303085.0
2015-01-16,163082.0,137701.0,300783.0
2015-01-17,81223.0,64070.0,145293.0
2015-01-18,63195.0,49097.0,112292.0
2015-01-19,100193.0,78225.0,178418.0
2015-01-20,163392.0,132992.0,296384.0
2015-01-21,162437.0,131400.0,293837.0
2015-01-22,161415.0,132617.0,294032.0
2015-01-23,161662.0,135611.0,297273.0
2015-01-24,78462.0,61313.0,139775.0
2015-01-25,70916.0,55351.0,126267.0
2015-01-26,138666.0,111412.0,250078.0
2015-01-27,21342.0,21372.0,42714.0
2015-01-28,157719.0,129220.0,286939.0
2015-01-29,170424.0,137106.0,307530.0
2015-01-30,167504.0,140341.0,307845.0
2015-01-31,82347.0,67537.0,149884.0
2015-02-01,64319.0,52165.0,116484.0
2015-02-02,152571.0,122750.0,275321.0
2015-02-03,170875.0,138915.0,309790.0
2015-02-04,171797.0,138494.0,310291.0
2015-02-05,169491.0,137004.0,306495.0
2015-02-06,163999.0,131256.0,295255.0
2015-02-07,81606.0,64589.0,146195.0
2015-02-08,67238.0,51799.0,119037.0
2015-02-09,157573.0,120688.0,278261.0
2015-02-10,166354.0,132178.0,298532.0
2015-02-11,171120.0,137247.0,308367.0
2015-02-12,169860.0,139220.0,309080.0
2015-02-13,175691.0,147663.0,323354.0
2015-02-14,84148.0,71345.0,155493.0
2015-02-15,74474.0,65572.0,140046.0
2015-02-16,98036.0,74713.0,172749.0
2015-02-17,158799.0,125138.0,283937.0
2015-02-18,166784.0,133206.0,299990.0
2015-02-19,167571.0,135419.0,302990.0
2015-02-20,163302.0,136606.0,299908.0
2015-02-21,81025.0,63128.0,144153.0
2015-02-22,67099.0,55303.0,122402.0
2015-02-23,167178.0,130265.0,297443.0
2015-02-24,171534.0,135852.0,307386.0
2015-02-25,169134.0,136680.0,305814.0
2015-02-26,170672.0,137919.0,308591.0
2015-02-27,168928.0,141832.0,310760.0
2015-02-28,90740.0,74741.0,165481.0
2015-03-01,71981.0,56521.0,128502.0
2015-03-02,161330.0,127002.0,288332.0
2015-03-03,175768.0,141633.0,317401.0
2015-03-04,169911.0,134323.0,304234.0
2015-03-05,142667.0,119477.0,262144.0
2015-03-06,169215.0,139899.0,309114.0
2015-03-07,90110.0,79249.0,169359.0
2015-03-08,68239.0,61645.0,129884.0
2015-03-09,168277.0,130960.0,299237.0
2015-03-10,174757.0,135135.0,309892.0
2015-03-11,173370.0,136930.0,310300.0
2015-03-12,176955.0,142749.0,319704.0
2015-03-13,173912.0,147534.0,321446.0
2015-03-14,94739.0,76647.0,171386.0
2015-03-15,77978.0,64772.0,142750.0
2015-03-16,162324.0,126074.0,288398.0
2015-03-17,168035.0,137851.0,305886.0
2015-03-18,174445.0,141096.0,315541.0
2015-03-19,184963.0,151884.0,336847.0
2015-03-20,169478.0,141017.0,310495.0
2015-03-21,88277.0,72481.0,160758.0
2015-03-22,74644.0,60503.0,135147.0
2015-03-23,164867.0,129164.0,294031.0
2015-03-24,169394.0,134848.0,304242.0
2015-03-25,170137.0,138426.0,308563.0
2015-03-26,168251.0,135603.0,303854.0
2015-03-27,167498.0,139938.0,307436.0
2015-03-28,90911.0,78536.0,169447.0
2015-03-29,75689.0,65676.0,141365.0
2015-03-30,162312.0,129252.0,291564.0
2015-03-31,172094.0,140026.0,312120.0
2015-04-01,171095.0,141488.0,312583.0
2015-04-02,174202.0,139466.0,313668.0
2015-04-03,140055.0,129557.0,269612.0
2015-04-04,94474.0,81515.0,175989.0
2015-04-05,80226.0,60014.0,140240.0
2015-04-06,168185.0,126982.0,295167.0
2015-04-07,167387.0,133048.0,300435.0
2015-04-08,165590.0,136285.0,301875.0
2015-04-09,171082.0,140036.0,311118.0
2015-04-10,164518.0,138670.0,303188.0
2015-04-11,101689.0,81417.0,183106.0
2015-04-12,83312.0,64630.0,147942.0
2015-04-13,157379.0,122410.0,279789.0
2015-04-14,161323.0,130115.0,291438.0
2015-04-15,168074.0,135291.0,303365.0
2015-04-16,169441.0,136898.0,306339.0
2015-04-17,166970.0,137171.0,304141.0
2015-04-18,90131.0,74078.0,164209.0
2015-04-19,78392.0,59908.0,138300.0
2015-04-20,162420.0,124197.0,286617.0
2015-04-21,164350.0,129909.0,294259.0
2015-04-22,165540.0,136250.0,301790.0
2015-04-23,169029.0,138287.0,307316.0
2015-04-24,165619.0,140117.0,305736.0
2015-04-25,92050.0,73917.0,165967.0
2015-04-26,76672.0,58744.0,135416.0
2015-04-27,159489.0,124635.0,284124.0
2015-04-28,164432.0,131926.0,296358.0
2015-04-29,160871.0,133021.0,293892.0
2015-04-30,166086.0,138040.0,304126.0
2015-05-01,167587.0,139978.0,307565.0
2015-05-02,94688.0,76957.0,171645.0
2015-05-03,77591.0,62564.0,140155.0
2015-05-04,161551.0,123817.0,285368.0
2015-05-05,162403.0,128954.0,291357.0
2015-05-06,163945.0,131875.0,295820.0
2015-05-07,165741.0,134768.0,300509.0
2015-05-08,162070.0,140579.0,302649.0
2015-05-09,90612.0,74879.0,165491.0
2015-05-10,73559.0,57730.0,131289.0
2015-05-11,164365.0,124432.0,288797.0
2015-05-12,166675.0,129995.0,296670.0
2015-05-13,165913.0,136139.0,302052.0
2015-05-14,170889.0,134881.0,305770.0
2015-05-15,163572.0,137737.0,301309.0
2015-05-16,90995.0,72009.0,163004.0
2015-05-17,77677.0,59955.0,137632.0
2015-05-18,163964.0,130793.0,294757.0
2015-05-19,172892.0,133728.0,306620.0
2015-05-20,171899.0,139250.0,311149.0
2015-05-21,171098.0,140989.0,312087.0
2015-05-22,153472.0,138156.0,291628.0
2015-05-23,83886.0,77395.0,161281.0
2015-05-24,73189.0,65381.0,138570.0
2015-05-25,85577.0,58226.0,143803.0
2015-05-26,167235.0,125655.0,292890.0
2015-05-27,170210.0,136593.0,306803.0
2015-05-28,167220.0,136602.0,303822.0
2015-05-29,168530.0,145131.0,313661.0
2015-05-30,91908.0,74664.0,166572.0
2015-05-31,81504.0,62317.0,143821.0
2015-06-01,166946.0,129719.0,296665.0
2015-06-02,170862.0,138451.0,309313.0
2015-06-03,173110.0,138653.0,311763.0
2015-06-04,175882.0,141487.0,317369.0
2015-06-05,166195.0,142941.0,309136.0
2015-06-06,92930.0,79516.0,172446.0
2015-06-07,83723.0,64655.0,148378.0
2015-06-08,164914.0,126691.0,291605.0
2015-06-09,168475.0,134033.0,302508.0
2015-06-10,169764.0,136251.0,306015.0
2015-06-11,147115.0,118270.0,265385.0
2015-06-12,164469.0,144406.0,308875.0
2015-06-13,110612.0,91735.0,202347.0
2015-06-14,84521.0,64539.0,149060.0
2015-06-15,172502.0,132939.0,305441.0
2015-06-16,171357.0,136328.0,307685.0
2015-06-17,174125.0,138385.0,312510.0
2015-06-18,175225.0,143890.0,319115.0
2015-06-19,161424.0,141768.0,303192.0
2015-06-20,92021.0,85352.0,177373.0
2015-06-21,80773.0,66146.0,146919.0
2015-06-22,173223.0,132197.0,305420.0
2015-06-23,172361.0,136913.0,309274.0
2015-06-24,170778.0,136584.0,307362.0
2015-06-25,170618.0,138312.0,308930.0
2015-06-26,164137.0,139563.0,303700.0
2015-06-27,94110.0,83566.0,177676.0
2015-06-28,95463.0,75337.0,170800.0
2015-06-29,165665.0,135372.0,301037.0
2015-06-30,169219.0,136174.0,305393.0
2015-07-01,166604.0,136428.0,303032.0
2015-07-02,159792.0,141980.0,301772.0
2015-07-03,94147.0,88048.0,182195.0
2015-07-04,65855.0,55922.0,121777.0
2015-07-05,79860.0,59058.0,138918.0
2015-07-06,164715.0,120508.0,285223.0
2015-07-07,166096.0,130927.0,297023.0
2015-07-08,169835.0,137439.0,307274.0
2015-07-09,176879.0,140238.0,317117.0
2015-07-10,167931.0,148076.0,316007.0
2015-07-11,87000.0,79011.0,166011.0
2015-07-12,87467.0,71846.0,159313.0
2015-07-13,163202.0,126437.0,289639.0
2015-07-14,165202.0,131003.0,296205.0
2015-07-15,167697.0,132125.0,299822.0
2015-07-16,168886.0,138485.0,307371.0
2015-07-17,160689.0,139582.0,300271.0
2015-07-18,86579.0,82175.0,168754.0
2015-07-19,82611.0,70957.0,153568.0
2015-07-20,171450.0,126272.0,297722.0
2015-07-21,166395.0,130687.0,297082.0
2015-07-22,160589.0,137013.0,297602.0
2015-07-23,171101.0,141046.0,312147.0
2015-07-24,158502.0,136030.0,294532.0
2015-07-25,86495.0,76157.0,162652.0
2015-07-26,78361.0,62384.0,140745.0
2015-07-27,165265.0,126026.0,291291.0
2015-07-28,169192.0,130883.0,300075.0
2015-07-29,166783.0,133246.0,300029.0
2015-07-30,165680.0,140367.0,306047.0
2015-07-31,160024.0,137558.0,297582.0
2015-08-01,84701.0,75055.0,159756.0
2015-08-02,79345.0,62555.0,141900.0
2015-08-03,161426.0,124495.0,285921.0
2015-08-04,163844.0,133329.0,297173.0
2015-08-05,167744.0,134294.0,302038.0
2015-08-06,167155.0,133501.0,300656.0
2015-08-07,153086.0,133955.0,287041.0
2015-08-08,84135.0,74816.0,158951.0
2015-08-09,81015.0,61783.0,142798.0
2015-08-10,158988.0,121932.0,280920.0
2015-08-11,164537.0,123607.0,288144.0
2015-08-12,163055.0,133079.0,296134.0
2015-08-13,160771.0,130794.0,291565.0
2015-08-14,152459.0,133195.0,285654.0
2015-08-15,84037.0,78936.0,162973.0
2015-08-16,78324.0,61482.0,139806.0
2015-08-17,155430.0,118223.0,273653.0
2015-08-18,167177.0,134180.0,301357.0
2015-08-19,157627.0,125089.0,282716.0
2015-08-20,157369.0,128626.0,285995.0
2015-08-21,147718.0,127340.0,275058.0
2015-08-22,82974.0,74628.0,157602.0
2015-08-23,76547.0,60788.0,137335.0
2015-08-24,150788.0,117943.0,268731.0
2015-08-25,151505.0,119567.0,271072.0
2015-08-26,152098.0,122610.0,274708.0
2015-08-27,153471.0,122320.0,275791.0
2015-08-28,144216.0,127403.0,271619.0
2015-08-29,79402.0,72658.0,152060.0
2015-08-30,73694.0,56758.0,130452.0
2015-08-31,152654.0,117737.0,270391.0
2015-09-01,152993.0,120258.0,273251.0
2015-09-02,136850.0,121817.0,258667.0
2015-09-03,156085.0,130393.0,286478.0
2015-09-04,146568.0,125173.0,271741.0
2015-09-05,78674.0,76809.0,155483.0
2015-09-06,74836.0,65945.0,140781.0
2015-09-07,84533.0,61791.0,146324.0
2015-09-08,165282.0,123462.0,288744.0
2015-09-09,164530.0,131089.0,295619.0
2015-09-10,173125.0,137636.0,310761.0
2015-09-11,163260.0,139224.0,302484.0
2015-09-12,87515.0,79346.0,166861.0
2015-09-13,85639.0,74489.0,160128.0
2015-09-14,147566.0,115272.0,262838.0
2015-09-15,155165.0,121059.0,276224.0
2015-09-16,167814.0,135167.0,302981.0
2015-09-17,170511.0,136299.0,306810.0
2015-09-18,167454.0,139426.0,306880.0
2015-09-19,87972.0,76472.0,164444.0
2015-09-20,75199.0,61898.0,137097.0
2015-09-21,163059.0,126352.0,289411.0
2015-09-22,161855.0,131728.0,293583.0
2015-09-23,146808.0,113774.0,260582.0
2015-09-24,166058.0,127226.0,293284.0
2015-09-25,155157.0,126451.0,281608.0
2015-09-26,93481.0,74957.0,168438.0
2015-09-27,77523.0,64270.0,141793.0
2015-09-28,158087.0,120804.0,278891.0
2015-09-29,164312.0,126411.0,290723.0
2015-09-30,170832.0,129304.0,300136.0
2015-10-01,174365.0,140644.0,315009.0
2015-10-02,171499.0,147154.0,318653.0
2015-10-03,81758.0,70660.0,152418.0
2015-10-04,73757.0,56131.0,129888.0
2015-10-05,156070.0,120685.0,276755.0
2015-10-06,161768.0,125560.0,287328.0
2015-10-07,167243.0,136461.0,303704.0
2015-10-08,175718.0,141902.0,317620.0
2015-10-09,174954.0,149475.0,324429.0
2015-10-10,97969.0,80131.0,178100.0
2015-10-11,83554.0,63604.0,147158.0
2015-10-12,134385.0,106572.0,240957.0
2015-10-13,169783.0,131204.0,300987.0
2015-10-14,167507.0,130315.0,297822.0
2015-10-15,167738.0,133337.0,301075.0
2015-10-16,176317.0,154468.0,330785.0
2015-10-17,93531.0,79093.0,172624.0
2015-10-18,82466.0,65013.0,147479.0
2015-10-19,165198.0,131413.0,296611.0
2015-10-20,167201.0,133153.0,300354.0
2015-10-21,167204.0,134136.0,301340.0
2015-10-22,173702.0,142323.0,316025.0
2015-10-23,180517.0,154840.0,335357.0
2015-10-31,742110.0,684754.0,1426864.0
2015-11-01,89503.0,84565.0,174068.0
2015-11-02,167060.0,135222.0,302282.0
2015-11-03,164964.0,134049.0,299013.0
2015-11-04,169760.0,139144.0,308904.0
2015-11-05,171066.0,139307.0,310373.0
2015-11-06,166283.0,144517.0,310800.0
2015-11-14,736939.0,669035.0,1405974.0
2015-11-15,78428.0,67253.0,145681.0
2015-11-16,163656.0,126848.0,290504.0
2015-11-17,171078.0,136198.0,307276.0
2015-11-18,170591.0,133526.0,304117.0
2015-11-19,170933.0,142498.0,313431.0
2015-11-20,168318.0,137844.0,306162.0
2015-11-28,701375.0,616719.0,1318094.0
2015-11-29,89756.0,58513.0,148269.0
2015-11-30,171965.0,131101.0,303066.0
2015-12-01,171677.0,134219.0,305896.0
2015-12-02,173038.0,141397.0,314435.0
2015-12-03,177072.0,142991.0,320063.0
2015-12-04,173962.0,142575.0,316537.0
2015-12-05,97379.0,81157.0,178536.0
2015-12-06,79385.0,65591.0,144976.0
2015-12-07,166506.0,133898.0,300404.0
2015-12-08,173538.0,139316.0,312854.0
2015-12-09,174499.0,138900.0,313399.0
2015-12-10,176682.0,139105.0,315787.0
2015-12-11,173355.0,143733.0,317088.0
2015-12-12,109185.0,92020.0,201205.0
2015-12-13,87016.0,73529.0,160545.0
2015-12-14,167132.0,131497.0,298629.0
2015-12-15,170402.0,137766.0,308168.0
2015-12-16,175197.0,142471.0,317668.0
2015-12-17,180313.0,147746.0,328059.0
2015-12-18,177452.0,142846.0,320298.0
2015-12-19,110112.0,96295.0,206407.0
2015-12-20,90855.0,76585.0,167440.0
2015-12-21,170355.0,137254.0,307609.0
2015-12-22,167424.0,138127.0,305551.0
2015-12-23,158998.0,141969.0,300967.0
2015-12-24,108697.0,103219.0,211916.0
2015-12-25,44620.0,38557.0,83177.0
2015-12-26,89661.0,69807.0,159468.0
2015-12-27,92357.0,66690.0,159047.0
2015-12-28,152382.0,117844.0,270226.0
2015-12-29,151025.0,118468.0,269493.0
2015-12-30,156047.0,125759.0,281806.0
2015-12-31,136747.0,101578.0,238325.0
2016-01-01,70194.0,67397.0,137591.0
2016-01-02,45510.0,42240.0,87750.0
2016-01-03,12223.0,9379.0,21602.0
2016-01-04,25669.0,16654.0,42323.0
2016-01-05,36216.0,26200.0,62416.0
2016-01-06,26427.0,16678.0,43105.0
2016-01-07,26459.0,17305.0,43764.0
2016-01-08,26123.0,17438.0,43561.0
2016-01-09,10597.0,11232.0,21829.0
2016-01-10,7739.0,7795.0,15534.0
2016-01-11,25592.0,16398.0,41990.0
2016-01-12,26121.0,16856.0,42977.0
2016-01-13,26615.0,16901.0,43516.0
2016-01-14,26791.0,18012.0,44803.0
2016-01-15,26043.0,18177.0,44220.0
2016-01-16,12322.0,13139.0,25461.0
2016-01-17,10431.0,10305.0,20736.0
2016-01-18,15742.0,10810.0,26552.0
2016-01-19,27219.0,16895.0,44114.0
2016-01-20,26480.0,17138.0,43618.0
2016-01-21,36673.0,17096.0,53769.0
2016-01-22,25883.0,17278.0,43161.0
2016-01-23,4225.0,3637.0,7862.0
2016-01-24,5837.0,5325.0,11162.0
2016-01-25,22379.0,16234.0,38613.0
2016-01-26,36770.0,17672.0,54442.0
2016-01-27,27150.0,17738.0,44888.0
2016-01-28,25990.0,17938.0,43928.0
2016-01-29,26573.0,18984.0,45557.0
2016-01-30,14132.0,12829.0,26961.0
2016-01-31,12315.0,10750.0,23065.0
2016-02-01,25757.0,17127.0,42884.0
2016-02-02,27234.0,17740.0,44974.0
2016-02-03,26720.0,17179.0,43899.0
2016-02-04,26693.0,18658.0,45351.0
2016-02-05,25253.0,18280.0,43533.0
2016-02-06,11661.0,11726.0,23387.0
2016-02-07,9310.0,8432.0,17742.0
2016-02-08,25496.0,16383.0,41879.0
2016-02-09,26905.0,17347.0,44252.0
2016-02-10,26814.0,17143.0,43957.0
2016-02-11,28328.0,18958.0,47286.0
2016-02-12,26938.0,19731.0,46669.0
2016-02-13,12940.0,11887.0,24827.0
2016-02-14,11049.0,9849.0,20898.0
2016-02-15,15383.0,12685.0,28068.0
2016-02-16,25190.0,17150.0,42340.0
2016-02-17,26522.0,18495.0,45017.0
2016-02-18,26765.0,18017.0,44782.0
2016-02-19,25924.0,18591.0,44515.0
2016-02-20,15122.0,13758.0,28880.0
2016-02-21,12469.0,11239.0,23708.0
2016-02-22,25934.0,17783.0,43717.0
2016-02-23,26061.0,17258.0,43319.0
2016-02-24,26599.0,16750.0,43349.0
2016-02-25,26656.0,18529.0,45185.0
2016-02-26,26616.0,18729.0,45345.0
2016-02-27,11268.0,11667.0,22935.0
2016-02-28,9538.0,9172.0,18710.0
2016-02-29,24697.0,17468.0,42165.0
2016-03-01,26171.0,18393.0,44564.0
2016-03-02,26051.0,17506.0,43557.0
2016-03-03,26335.0,17966.0,44301.0
2016-03-04,26110.0,18552.0,44662.0
2016-03-05,12100.0,12533.0,24633.0
2016-03-06,9110.0,9617.0,18727.0
2016-03-07,24228.0,18743.0,42971.0
2016-03-08,26980.0,18722.0,45702.0
2016-03-09,27041.0,18724.0,45765.0
2016-03-10,26921.0,19119.0,46040.0
2016-03-11,26873.0,19912.0,46785.0
2016-03-12,12997.0,13189.0,26186.0
2016-03-13,8193.0,8250.0,16443.0
2016-03-14,24911.0,16643.0,41554.0
2016-03-15,26511.0,18059.0,44570.0
2016-03-16,27392.0,18756.0,46148.0
2016-03-17,27187.0,18997.0,46184.0
2016-03-18,26808.0,19825.0,46633.0
2016-03-19,14709.0,13717.0,28426.0
2016-03-20,12541.0,11349.0,23890.0
2016-03-21,26244.0,17310.0,43554.0
2016-03-22,26562.0,18162.0,44724.0
2016-03-23,26915.0,18901.0,45816.0
2016-03-24,26821.0,20047.0,46868.0
2016-03-25,23360.0,20607.0,43967.0
2016-03-26,16201.0,15582.0,31783.0
2016-03-27,15004.0,12893.0,27897.0
2016-03-28,28017.0,18023.0,46040.0
2016-03-29,27864.0,19056.0,46920.0
2016-03-30,27834.0,19715.0,47549.0
2016-03-31,27768.0,19662.0,47430.0
2016-04-01,27619.0,21059.0,48678.0
2016-04-02,16543.0,16927.0,33470.0
2016-04-03,14467.0,14404.0,28871.0
2016-04-04,26780.0,16997.0,43777.0
2016-04-05,26383.0,18150.0,44533.0
2016-04-06,27070.0,19009.0,46079.0
2016-04-07,26194.0,16215.0,42409.0
2016-04-08,26294.0,19136.0,45430.0
2016-04-09,12683.0,14973.0,27656.0
2016-04-10,10083.0,12123.0,22206.0
2016-04-11,25560.0,17731.0,43291.0
2016-04-12,26601.0,17484.0,44085.0
2016-04-13,26568.0,18615.0,45183.0
2016-04-14,26566.0,19308.0,45874.0
2016-04-15,25895.0,19837.0,45732.0
2016-04-16,15167.0,15122.0,30289.0
2016-04-17,12183.0,12806.0,24989.0
2016-04-18,25649.0,17806.0,43455.0
2016-04-19,27102.0,18609.0,45711.0
2016-04-20,23738.0,17619.0,41357.0
2016-04-21,23406.0,18372.0,41778.0
2016-04-22,22347.0,18028.0,40375.0
2016-04-23,12956.0,13354.0,26310.0
2016-04-24,10116.0,9770.0,19886.0
2016-04-25,22830.0,17616.0,40446.0
2016-04-26,21817.0,16254.0,38071.0
2016-04-27,22297.0,17197.0,39494.0
2016-04-28,22275.0,17499.0,39774.0
2016-04-29,21024.0,17495.0,38519.0
2016-04-30,12770.0,11977.0,24747.0
2016-05-01,11094.0,9727.0,20821.0
2016-05-02,22651.0,16811.0,39462.0
2016-05-03,23783.0,16673.0,40456.0
2016-05-04,23373.0,16404.0,39777.0
2016-05-05,23552.0,17783.0,41335.0
2016-05-06,24371.0,18809.0,43180.0
2016-05-07,8729.0,11758.0,20487.0
2016-05-08,6014.0,8185.0,14199.0
2016-05-09,21616.0,16455.0,38071.0
2016-05-10,22761.0,16049.0,38810.0
2016-05-11,22787.0,15950.0,38737.0
2016-05-12,23352.0,16594.0,39946.0
2016-05-13,22410.0,16977.0,39387.0
2016-05-14,9535.0,10367.0,19902.0
2016-05-15,11986.0,11447.0,23433.0
2016-05-16,23099.0,16279.0,39378.0
2016-05-17,23680.0,16338.0,40018.0
2016-05-18,24410.0,17279.0,41689.0
2016-05-19,23581.0,17256.0,40837.0
2016-05-20,23125.0,18183.0,41308.0
2016-05-21,12946.0,14694.0,27640.0
2016-05-22,10674.0,12395.0,23069.0
2016-05-23,22582.0,16192.0,38774.0
2016-05-24,23859.0,16238.0,40097.0
2016-05-25,24024.0,17051.0,41075.0
2016-05-26,23307.0,18042.0,41349.0
2016-05-27,21246.0,17703.0,38949.0
2016-05-28,12079.0,12940.0,25019.0
2016-05-29,11091.0,11068.0,22159.0
2016-05-30,11527.0,10062.0,21589.0
2016-05-31,22726.0,15645.0,38371.0
2016-06-01,24255.0,16749.0,41004.0
2016-06-02,23850.0,16853.0,40703.0
2016-06-03,22759.0,18132.0,40891.0
2016-06-18,118816.0,119484.0,238300.0
2016-06-19,10138.0,8987.0,19125.0
2016-06-20,23683.0,16336.0,40019.0
2016-06-21,23415.0,16979.0,40394.0
2016-06-22,24421.0,17470.0,41891.0
2016-06-23,23326.0,17743.0,41069.0
2016-06-24,22614.0,17929.0,40543.0
2016-06-25,12072.0,11792.0,23864.0
2016-06-26,11356.0,12448.0,23804.0
2016-06-27,23245.0,17254.0,40499.0
2016-06-28,24396.0,16658.0,41054.0
2016-06-29,22929.0,17443.0,40372.0
2016-06-30,23102.0,17386.0,40488.0
2016-07-01,20775.0,17443.0,38218.0
2016-07-09,104001.0,96676.0,200677.0
2016-07-10,10652.0,9969.0,20621.0
2016-07-11,22919.0,15981.0,38900.0
2016-07-12,22582.0,16239.0,38821.0
2016-07-13,23201.0,16963.0,40164.0
2016-07-14,22690.0,16751.0,39441.0
2016-07-15,22038.0,17517.0,39555.0
2016-07-16,12775.0,13534.0,26309.0
2016-07-17,12565.0,10890.0,23455.0
2016-07-18,23782.0,16550.0,40332.0
2016-07-19,25284.0,16957.0,42241.0
2016-07-20,24761.0,18275.0,43036.0
2016-07-21,25063.0,17955.0,43018.0
2016-07-22,22706.0,17910.0,40616.0
2016-07-23,11369.0,11111.0,22480.0
2016-07-24,10003.0,8859.0,18862.0
2016-07-25,24344.0,16491.0,40835.0
2016-07-26,23711.0,17192.0,40903.0
2016-07-27,24676.0,17951.0,42627.0
2016-07-28,24014.0,17676.0,41690.0
2016-07-29,21937.0,17685.0,39622.0
2016-07-30,11547.0,12769.0,24316.0
2016-07-31,10022.0,9870.0,19892.0
2016-08-01,22447.0,15971.0,38418.0
2016-08-02,23510.0,16806.0,40316.0
2016-08-03,23820.0,17263.0,41083.0
2016-08-04,23816.0,18074.0,41890.0
2016-08-05,34874.0,30056.0,64930.0
2016-08-06,11763.0,12674.0,24437.0
2016-08-07,10454.0,10589.0,21043.0
2016-08-08,24426.0,16974.0,41400.0
2016-08-09,25945.0,17545.0,43490.0
2016-08-10,25808.0,17841.0,43649.0
2016-08-11,25859.0,18164.0,44023.0
2016-08-12,24069.0,17817.0,41886.0
2016-08-13,11928.0,11261.0,23189.0
2016-08-14,11007.0,9159.0,20166.0
2016-08-15,24417.0,16064.0,40481.0
2016-08-16,24957.0,17229.0,42186.0
2016-08-17,24715.0,16616.0,41331.0
2016-08-18,24623.0,17862.0,42485.0
2016-08-19,23268.0,18222.0,41490.0
2016-08-20,11132.0,10118.0,21250.0
2016-08-21,9493.0,9039.0,18532.0
2016-08-22,23587.0,16313.0,39900.0
2016-08-23,24147.0,17007.0,41154.0
2016-08-24,24332.0,17297.0,41629.0
2016-08-25,24331.0,17460.0,41791.0
2016-08-26,23366.0,17429.0,40795.0
2016-08-27,7880.0,9554.0,17434.0
2016-08-28,6401.0,8023.0,14424.0
2016-08-29,23349.0,17406.0,40755.0
2016-08-30,24121.0,16812.0,40933.0
2016-08-31,24035.0,17213.0,41248.0
2016-09-01,24021.0,17174.0,41195.0
2016-09-02,21797.0,17578.0,39375.0
2016-09-03,12061.0,11925.0,23986.0
2016-09-04,11252.0,10780.0,22032.0
2016-09-05,11714.0,9349.0,21063.0
2016-09-06,25150.0,16785.0,41935.0
2016-09-07,25944.0,17750.0,43694.0
2016-09-08,26380.0,18693.0,45073.0
2016-09-09,25791.0,19007.0,44798.0
2016-09-10,12199.0,12425.0,24624.0
2016-09-11,10157.0,10165.0,20322.0
2016-09-12,24478.0,17348.0,41826.0
2016-09-13,25864.0,18272.0,44136.0
2016-09-14,26796.0,18734.0,45530.0
2016-09-15,27098.0,18605.0,45703.0
2016-09-16,25689.0,18773.0,44462.0
2016-09-17,12188.0,14484.0,26672.0
2016-09-18,11369.0,12191.0,23560.0
2016-09-19,24805.0,16466.0,41271.0
2016-09-20,25689.0,18055.0,43744.0
2016-09-21,26191.0,17931.0,44122.0
2016-09-22,26158.0,18993.0,45151.0
2016-09-23,25654.0,19852.0,45506.0
2016-09-24,14711.0,14551.0,29262.0
2016-09-25,12287.0,12677.0,24964.0
2016-09-26,26071.0,17520.0,43591.0
2016-09-27,25939.0,17530.0,43469.0
2016-09-28,26378.0,17675.0,44053.0
2016-09-29,26287.0,18645.0,44932.0
2016-09-30,25613.0,18939.0,44552.0
2016-10-01,10740.0,12002.0,22742.0
2016-10-02,9076.0,9989.0,19065.0
2016-10-03,21951.0,16056.0,38007.0
2016-10-04,23847.0,16749.0,40596.0
2016-10-05,26062.0,18036.0,44098.0
2016-10-06,26849.0,20327.0,47176.0
2016-10-07,27328.0,22353.0,49681.0
2016-10-08,13548.0,15418.0,28966.0
2016-10-09,11162.0,11657.0,22819.0
2016-10-10,19871.0,14876.0,34747.0
2016-10-11,25261.0,16891.0,42152.0
2016-10-12,22339.0,16146.0,38485.0
2016-10-13,26232.0,18803.0,45035.0
2016-10-14,25975.0,18986.0,44961.0
2016-10-15,12489.0,13902.0,26391.0
2016-10-16,11157.0,11018.0,22175.0
2016-10-17,23406.0,15513.0,38919.0
2016-10-18,24428.0,16376.0,40804.0
2016-10-19,25789.0,17400.0,43189.0
2016-10-20,26134.0,18081.0,44215.0
2016-10-21,25171.0,19363.0,44534.0
2016-10-22,14687.0,13700.0,28387.0
2016-10-23,12921.0,10768.0,23689.0
2016-10-24,24749.0,16796.0,41545.0
2016-10-25,25376.0,17074.0,42450.0
2016-10-26,25132.0,18504.0,43636.0
2016-10-27,27281.0,18423.0,45704.0
2016-10-28,25584.0,18969.0,44553.0
2016-10-29,13288.0,13135.0,26423.0
2016-10-30,12853.0,11830.0,24683.0
2016-10-31,24675.0,15266.0,39941.0
2016-11-01,25243.0,17809.0,43052.0
2016-11-02,26387.0,18033.0,44420.0
2016-11-03,26429.0,18866.0,45295.0
2016-11-04,26810.0,19729.0,46539.0
2016-11-05,14597.0,14471.0,29068.0
2016-11-06,16583.0,13550.0,30133.0
2016-11-07,26114.0,18074.0,44188.0
2016-11-08,24818.0,17402.0,42220.0
2016-11-09,25329.0,17148.0,42477.0
2016-11-10,26346.0,18829.0,45175.0
2016-11-11,23514.0,18151.0,41665.0
2016-11-12,13172.0,13138.0,26310.0
2016-11-13,13443.0,11262.0,24705.0
2016-11-14,36079.0,27883.0,63962.0
2016-11-15,27369.0,17423.0,44792.0
2016-11-16,27272.0,19352.0,46624.0
2016-11-17,26681.0,19202.0,45883.0
2016-11-18,26579.0,20251.0,46830.0
2016-11-19,13943.0,13420.0,27363.0
2016-11-20,12847.0,11688.0,24535.0
2016-11-21,26831.0,18074.0,44905.0
2016-11-22,27512.0,19625.0,47137.0
2016-11-23,26573.0,20407.0,46980.0
2016-11-24,10270.0,9136.0,19406.0
2016-11-25,18244.0,14911.0,33155.0
2016-11-26,14079.0,12596.0,26675.0
2016-11-27,13648.0,11335.0,24983.0
2016-11-28,26942.0,18517.0,45459.0
2016-11-29,26234.0,17464.0,43698.0
2016-11-30,26414.0,18356.0,44770.0
2016-12-01,27537.0,19002.0,46539.0
2016-12-02,27939.0,20854.0,48793.0
2016-12-03,16230.0,16012.0,32242.0
2016-12-04,13413.0,12188.0,25601.0
2016-12-05,26840.0,18342.0,45182.0
2016-12-06,27683.0,18871.0,46554.0
2016-12-07,27423.0,19565.0,46988.0
2016-12-08,28621.0,19531.0,48152.0
2016-12-09,28365.0,20699.0,49064.0
2016-12-17,138055.0,123238.0,261293.0
2016-12-18,14559.0,12756.0,27315.0
2016-12-19,27585.0,18794.0,46379.0
2016-12-20,27924.0,19191.0,47115.0
2016-12-21,27548.0,18948.0,46496.0
2016-12-22,26635.0,19611.0,46246.0
2016-12-23,22413.0,19046.0,41459.0
2016-12-24,11385.0,10839.0,22224.0
2016-12-25,7927.0,6932.0,14859.0
2016-12-26,14930.0,12151.0,27081.0
2016-12-27,23862.0,17169.0,41031.0
2016-12-28,25982.0,19495.0,45477.0
2016-12-29,23410.0,17802.0,41212.0
2016-12-30,24298.0,18823.0,43121.0
2016-12-31,323907.0,335933.0,659840.0
2017-01-01,28653.0,33359.0,62012.0
2017-01-02,33051.0,33299.0,66350.0
2017-01-03,84313.0,84655.0,168968.0
2017-01-04,73940.0,75927.0,149867.0
2017-01-05,73558.0,73585.0,147143.0
2017-01-06,69951.0,73536.0,143487.0
2017-01-07,28231.0,27659.0,55890.0
2017-01-08,33451.0,22506.0,55957.0
2017-01-09,66833.0,71970.0,138803.0
2017-01-10,71799.0,71554.0,143353.0
2017-01-11,69963.0,72355.0,142318.0
2017-01-12,73021.0,74009.0,147030.0
2017-01-13,69546.0,74234.0,143780.0
2017-01-14,37330.0,37427.0,74757.0
2017-01-15,23346.0,22903.0,46249.0
2017-01-16,37239.0,38386.0,75625.0
2017-01-17,77527.0,77256.0,154783.0
2017-01-18,73550.0,74079.0,147629.0
2017-01-19,75061.0,78327.0,153388.0
2017-01-20,69680.0,78350.0,148030.0
2017-01-21,31824.0,28853.0,60677.0
2017-01-22,25900.0,20770.0,46670.0
2017-01-23,73688.0,71157.0,144845.0
2017-01-24,73601.0,72443.0,146044.0
2017-01-25,75513.0,76261.0,151774.0
2017-01-26,75054.0,75709.0,150763.0
2017-01-27,72273.0,77423.0,149696.0
2017-01-28,28632.0,29813.0,58445.0
2017-01-29,24544.0,22564.0,47108.0
2017-01-30,72689.0,70605.0,143294.0
2017-01-31,75941.0,76113.0,152054.0
2017-02-01,74723.0,78119.0,152842.0
2017-02-02,75334.0,78020.0,153354.0
2017-02-03,71987.0,77388.0,149375.0
2017-02-11,343819.0,328225.0,672044.0
2017-02-12,29719.0,34942.0,64661.0
2017-02-13,73995.0,74052.0,148047.0
2017-02-14,77416.0,77831.0,155247.0
2017-02-15,76856.0,78711.0,155567.0
2017-02-16,76990.0,76778.0,153768.0
2017-02-17,70604.0,78179.0,148783.0
2017-02-18,35878.0,45011.0,80889.0
2017-02-19,35136.0,40010.0,75146.0
2017-02-20,42667.0,47788.0,90455.0
2017-02-21,74842.0,74898.0,149740.0
2017-02-22,72938.0,74232.0,147170.0
2017-02-23,72553.0,75568.0,148121.0
2017-02-24,69586.0,75219.0,144805.0
2017-02-25,37818.0,46285.0,84103.0
2017-02-26,33975.0,36850.0,70825.0
2017-02-27,75300.0,74713.0,150013.0
2017-02-28,74792.0,76382.0,151174.0
2017-03-01,73946.0,74931.0,148877.0
2017-03-02,75813.0,78094.0,153907.0
2017-03-03,73776.0,78449.0,152225.0
2017-03-04,35846.0,40105.0,75951.0
2017-03-05,32456.0,32192.0,64648.0
2017-03-06,75629.0,74289.0,149918.0
2017-03-07,77554.0,77214.0,154768.0
2017-03-08,76229.0,77534.0,153763.0
2017-03-09,76220.0,79445.0,155665.0
2017-03-10,73093.0,77116.0,150209.0
2017-03-11,35701.0,45611.0,81312.0
2017-03-12,26546.0,33055.0,59601.0
2017-03-13,78597.0,75976.0,154573.0
2017-03-14,17362.0,20841.0,38203.0
2017-03-15,70150.0,67144.0,137294.0
2017-03-16,80443.0,81015.0,161458.0
2017-03-17,79270.0,84003.0,163273.0
2017-03-25,372021.0,346178.0,718199.0
2017-03-26,31775.0,35019.0,66794.0
2017-03-27,77782.0,71163.0,148945.0
2017-03-28,77556.0,76641.0,154197.0
2017-03-29,76321.0,78367.0,154688.0
2017-03-30,78083.0,77517.0,155600.0
2017-03-31,77987.0,83613.0,161600.0
2017-04-01,34884.0,42998.0,77882.0
2017-04-02,30841.0,38036.0,68877.0
2017-04-03,64408.0,60217.0,124625.0
2017-04-04,58868.0,65860.0,124728.0
2017-04-05,63427.0,68680.0,132107.0
2017-04-06,67868.0,73110.0,140978.0
2017-04-07,70167.0,76126.0,146293.0
2017-04-08,32564.0,39716.0,72280.0
2017-04-09,30739.0,35790.0,66529.0
2017-04-10,71262.0,72395.0,143657.0
2017-04-11,70275.0,73296.0,143571.0
2017-04-12,72000.0,76757.0,148757.0
2017-04-13,72975.0,77378.0,150353.0
2017-04-14,57908.0,69510.0,127418.0
2017-04-15,31482.0,36323.0,67805.0
2017-04-16,27678.0,28433.0,56111.0
2017-04-17,74246.0,66052.0,140298.0
2017-04-18,72627.0,74723.0,147350.0
2017-04-19,78909.0,78800.0,157709.0
2017-04-20,41943.0,50466.0,92409.0
2017-04-21,80955.0,82333.0,163288.0
2017-04-22,54727.0,60587.0,115314.0
2017-04-23,28512.0,28070.0,56582.0
2017-04-24,72488.0,70046.0,142534.0
2017-04-25,74273.0,76262.0,150535.0
2017-04-26,74956.0,75986.0,150942.0
2017-04-27,74864.0,76905.0,151769.0
2017-04-28,68587.0,74988.0,143575.0
2017-04-29,32231.0,42021.0,74252.0
2017-04-30,30113.0,36093.0,66206.0
2017-05-01,72734.0,70949.0,143683.0
2017-05-02,72850.0,74542.0,147392.0
2017-05-03,74208.0,76742.0,150950.0
2017-05-04,73651.0,79359.0,153010.0
2017-05-05,74187.0,79959.0,154146.0
2017-05-06,30248.0,39368.0,69616.0
2017-05-07,29703.0,34811.0,64514.0
2017-05-08,71747.0,69301.0,141048.0
2017-05-09,72166.0,77186.0,149352.0
2017-05-10,75406.0,72640.0,148046.0
2017-05-11,72550.0,75679.0,148229.0
2017-05-12,67981.0,76718.0,144699.0
2017-05-13,32101.0,44148.0,76249.0
2017-05-14,29117.0,34786.0,63903.0
2017-05-15,76504.0,70432.0,146936.0
2017-05-16,73429.0,74645.0,148074.0
2017-05-17,73573.0,77720.0,151293.0
2017-05-18,74757.0,80302.0,155059.0
2017-05-19,71828.0,80358.0,152186.0
2017-05-20,36134.0,50931.0,87065.0
2017-05-21,34206.0,43843.0,78049.0
2017-05-22,78113.0,75731.0,153844.0
2017-05-23,73789.0,74847.0,148636.0
2017-05-24,73302.0,75261.0,148563.0
2017-05-25,78339.0,81729.0,160068.0
2017-05-26,62937.0,75628.0,138565.0
2017-05-27,28760.0,39438.0,68198.0
2017-05-28,26841.0,31833.0,58674.0
2017-05-29,31749.0,27428.0,59177.0
2017-05-30,70713.0,70024.0,140737.0
2017-05-31,72925.0,71415.0,144340.0
2017-06-01,71156.0,76602.0,147758.0
2017-06-02,71009.0,81083.0,152092.0
2017-06-10,361173.0,347072.0,708245.0
2017-06-11,33590.0,38318.0,71908.0
2017-06-12,74181.0,69786.0,143967.0
2017-06-13,73694.0,75261.0,148955.0
2017-06-14,76187.0,76248.0,152435.0
2017-06-15,73069.0,79372.0,152441.0
2017-06-16,68800.0,80563.0,149363.0
2017-06-17,33425.0,43068.0,76493.0
2017-06-18,32300.0,33564.0,65864.0
2017-06-19,81399.0,74092.0,155491.0
2017-06-20,72903.0,74684.0,147587.0
2017-06-21,73335.0,76607.0,149942.0
2017-06-22,73048.0,77261.0,150309.0
2017-06-23,68248.0,80198.0,148446.0
2017-07-01,360621.0,347421.0,708042.0
2017-07-02,29645.0,32878.0,62523.0
2017-07-03,45113.0,47723.0,92836.0
2017-07-04,29646.0,28005.0,57651.0
2017-07-05,71814.0,68609.0,140423.0
2017-07-06,71151.0,73592.0,144743.0
2017-07-07,62972.0,74254.0,137226.0
2017-07-08,32093.0,37686.0,69779.0
2017-07-09,31720.0,30758.0,62478.0
2017-07-10,64147.0,61358.0,125505.0
2017-07-11,64238.0,66206.0,130444.0
2017-07-12,63170.0,67967.0,131137.0
2017-07-13,63890.0,70765.0,134655.0
2017-07-14,61365.0,75094.0,136459.0
2017-07-15,33067.0,37810.0,70877.0
2017-07-16,33663.0,33906.0,67569.0
2017-07-17,64603.0,59838.0,124441.0
2017-07-18,63287.0,65215.0,128502.0
2017-07-19,64446.0,69417.0,133863.0
2017-07-20,64623.0,69874.0,134497.0
2017-07-21,58827.0,73079.0,131906.0
2017-07-22,34768.0,47019.0,81787.0
2017-07-23,40833.0,38876.0,79709.0
2017-07-24,67533.0,62327.0,129860.0
2017-07-25,63479.0,67438.0,130917.0
2017-07-26,65393.0,70173.0,135566.0
2017-07-27,66256.0,70554.0,136810.0
2017-07-28,60255.0,73351.0,133606.0
2017-07-29,34352.0,40180.0,74532.0
2017-07-30,34974.0,34942.0,69916.0
2017-07-31,67483.0,63381.0,130864.0
2017-08-01,62681.0,69795.0,132476.0
2017-08-02,67395.0,72722.0,140117.0
2017-08-03,64593.0,69167.0,133760.0
2017-08-04,59274.0,73219.0,132493.0
2017-08-05,33459.0,44961.0,78420.0
2017-08-06,35662.0,38076.0,73738.0
2017-08-07,69125.0,67683.0,136808.0
2017-08-08,64125.0,67224.0,131349.0
2017-08-09,73237.0,77665.0,150902.0
2017-08-10,64821.0,71133.0,135954.0
2017-08-11,57518.0,70983.0,128501.0
2017-08-12,31273.0,37983.0,69256.0
2017-08-13,34052.0,32380.0,66432.0
2017-08-14,64813.0,61835.0,126648.0
2017-08-15,62576.0,65775.0,128351.0
2017-08-16,60790.0,66725.0,127515.0
2017-08-17,61677.0,68253.0,129930.0
2017-08-18,57537.0,68838.0,126375.0
2017-08-19,28656.0,35476.0,64132.0
2017-08-20,30118.0,29738.0,59856.0
2017-08-21,61005.0,60788.0,121793.0
2017-08-22,60807.0,63234.0,124041.0
2017-08-23,58954.0,65106.0,124060.0
2017-08-24,59079.0,66208.0,125287.0
2017-08-25,55405.0,67821.0,123226.0
2017-08-26,30632.0,35905.0,66537.0
2017-08-27,32709.0,28816.0,61525.0
2017-08-28,61296.0,59961.0,121257.0
2017-08-29,62423.0,68363.0,130786.0
2017-08-30,60152.0,66204.0,126356.0
2017-08-31,59439.0,67364.0,126803.0
2017-09-01,53090.0,67647.0,120737.0
2017-09-09,345531.0,330417.0,675948.0
2017-09-10,36154.0,38672.0,74826.0
2017-09-11,72895.0,69295.0,142190.0
2017-09-12,73529.0,75808.0,149337.0
2017-09-13,74257.0,77467.0,151724.0
2017-09-14,76254.0,80211.0,156465.0
2017-09-15,68613.0,78530.0,147143.0
2017-09-16,34496.0,41333.0,75829.0
2017-09-17,31128.0,34528.0,65656.0
2017-09-18,75834.0,74480.0,150314.0
2017-09-19,75593.0,76466.0,152059.0
2017-09-20,70362.0,79505.0,149867.0
2017-09-21,66978.0,71521.0,138499.0
2017-09-22,62454.0,72496.0,134950.0
2017-09-23,35336.0,35102.0,70438.0
2017-09-24,31333.0,30350.0,61683.0
2017-09-25,72879.0,70858.0,143737.0
2017-09-26,74109.0,74342.0,148451.0
2017-09-27,72898.0,75740.0,148638.0
2017-09-28,72442.0,76575.0,149017.0
2017-09-29,66796.0,78189.0,144985.0
2017-09-30,30300.0,37406.0,67706.0
2017-10-01,32404.0,31174.0,63578.0
2017-10-02,72560.0,71085.0,143645.0
2017-10-03,73472.0,75678.0,149150.0
2017-10-04,73547.0,75824.0,149371.0
2017-10-05,73192.0,79563.0,152755.0
2017-10-06,70583.0,79779.0,150362.0
2017-10-07,39420.0,49387.0,88807.0
2017-10-08,37780.0,40430.0,78210.0
2017-10-09,58935.0,59440.0,118375.0
2017-10-10,74816.0,74781.0,149597.0
2017-10-11,74275.0,79504.0,153779.0
2017-10-12,75792.0,78432.0,154224.0
2017-10-13,70044.0,79678.0,149722.0
2017-10-14,36115.0,44962.0,81077.0
2017-10-15,36182.0,39306.0,75488.0
2017-10-16,76481.0,74418.0,150899.0
2017-10-17,75830.0,78021.0,153851.0
2017-10-18,75767.0,77964.0,153731.0
2017-10-19,74237.0,82688.0,156925.0
2017-10-20,72195.0,81609.0,153804.0
2017-10-21,33891.0,40953.0,74844.0
2017-10-22,30281.0,32287.0,62568.0
2017-10-23,74667.0,73322.0,147989.0
2017-10-24,76995.0,78831.0,155826.0
2017-10-25,75167.0,78810.0,153977.0
2017-10-26,77013.0,81664.0,158677.0
2017-10-27,73454.0,83705.0,157159.0
2017-10-28,36664.0,40799.0,77463.0
2017-10-29,30153.0,32595.0,62748.0
2017-10-30,76632.0,72501.0,149133.0
2017-10-31,71898.0,74380.0,146278.0
2017-11-01,76591.0,79830.0,156421.0
2017-11-02,76817.0,81898.0,158715.0
2017-11-03,74588.0,84529.0,159117.0
2017-11-04,35190.0,40747.0,75937.0
2017-11-05,38062.0,40013.0,78075.0
2017-11-06,75347.0,76060.0,151407.0
2017-11-07,78476.0,84968.0,163444.0
2017-11-08,76122.0,79244.0,155366.0
2017-11-09,77597.0,80767.0,158364.0
2017-11-10,67678.0,76089.0,143767.0
2017-11-11,36051.0,40753.0,76804.0
2017-11-12,31874.0,32733.0,64607.0
2017-11-13,77483.0,76855.0,154338.0
2017-11-14,75484.0,78850.0,154334.0
2017-11-15,77392.0,80725.0,158117.0
2017-11-16,76840.0,79369.0,156209.0
2017-11-17,73862.0,80510.0,154372.0
2017-11-18,38863.0,46762.0,85625.0
2017-11-19,36811.0,39237.0,76048.0
2017-11-20,77255.0,79020.0,156275.0
2017-11-21,74673.0,82349.0,157022.0
2017-11-22,68068.0,87603.0,155671.0
2017-11-23,30244.0,42000.0,72244.0
2017-11-24,46130.0,44990.0,91120.0
2017-11-25,39747.0,34320.0,74067.0
2017-11-26,41788.0,29906.0,71694.0
2017-11-27,77075.0,74966.0,152041.0
2017-11-28,76272.0,78439.0,154711.0
2017-11-29,77568.0,81909.0,159477.0
2017-11-30,75629.0,80865.0,156494.0
2017-12-01,72669.0,79061.0,151730.0
2017-12-09,391287.0,362302.0,753589.0
2017-12-10,34690.0,34910.0,69600.0
2017-12-11,54999.0,67944.0,122943.0
2017-12-12,76118.0,79068.0,155186.0
2017-12-13,78483.0,79532.0,158015.0
2017-12-14,80388.0,83401.0,163789.0
2017-12-15,78816.0,85801.0,164617.0
2017-12-16,40451.0,47154.0,87605.0
2017-12-17,35659.0,37937.0,73596.0
2017-12-18,74236.0,74970.0,149206.0
2017-12-19,74823.0,79631.0,154454.0
2017-12-20,74118.0,79515.0,153633.0
2017-12-21,73718.0,79161.0,152879.0
2017-12-22,59796.0,71517.0,131313.0
2017-12-23,443630.0,428224.0,871854.0
2017-12-24,64781.0,66141.0,130922.0
2017-12-25,47809.0,42381.0,90190.0
2017-12-26,127649.0,95041.0,222690.0
2017-12-27,146574.0,115725.0,262299.0
2017-12-28,139052.0,116403.0,255455.0
2017-12-29,132953.0,113507.0,246460.0
2017-12-30,103697.0,93328.0,197025.0
2017-12-31,73021.0,61720.0,134741.0
2018-01-01,58315.0,54762.0,113077.0
2018-01-02,94841.0,53925.0,148766.0
2018-01-03,231139.0,223752.0,454891.0
2018-01-04,121192.0,110405.0,231597.0
2018-01-05,138628.0,126303.0,264931.0
2018-01-06,70022.0,69132.0,139154.0
2018-01-07,61236.0,58173.0,119409.0
2018-01-08,163653.0,137551.0,301204.0
2018-01-09,180335.0,160029.0,340364.0
2018-01-10,169708.0,146111.0,315819.0
2018-01-11,166583.0,145261.0,311844.0
2018-01-12,161837.0,144994.0,306831.0
2018-01-13,84372.0,83736.0,168108.0
2018-01-14,69247.0,67008.0,136255.0
2018-01-15,91000.0,77358.0,168358.0
2018-01-16,163370.0,138301.0,301671.0
2018-01-17,162802.0,139459.0,302261.0
2018-01-18,169852.0,147595.0,317447.0
2018-01-19,162845.0,143227.0,306072.0
2018-01-20,84696.0,73682.0,158378.0
2018-01-21,58671.0,54362.0,113033.0
2018-01-22,156661.0,133005.0,289666.0
2018-01-23,162731.0,136319.0,299050.0
2018-01-24,162672.0,140938.0,303610.0
2018-01-25,166513.0,143839.0,310352.0
2018-01-26,160845.0,141022.0,301867.0
2018-01-27,78987.0,76542.0,155529.0
2018-01-28,64485.0,61702.0,126187.0
2018-01-29,161048.0,135101.0,296149.0
2018-01-30,169021.0,146019.0,315040.0
2018-01-31,171798.0,143890.0,315688.0
2018-02-01,168843.0,147673.0,316516.0
2018-02-02,163618.0,145917.0,309535.0
2018-02-03,74080.0,70942.0,145022.0
2018-02-04,57914.0,54185.0,112099.0
2018-02-05,163567.0,134982.0,298549.0
2018-02-06,169561.0,145954.0,315515.0
2018-02-07,169439.0,148606.0,318045.0
2018-02-08,171817.0,144531.0,316348.0
2018-02-09,166980.0,149377.0,316357.0
2018-02-10,77212.0,69792.0,147004.0
2018-02-11,58885.0,53474.0,112359.0
2018-02-12,162292.0,137161.0,299453.0
2018-02-13,172844.0,146774.0,319618.0
2018-02-14,169758.0,147445.0,317203.0
2018-02-15,168992.0,147978.0,316970.0
2018-02-16,162071.0,148502.0,310573.0
2018-02-17,83282.0,84037.0,167319.0
2018-02-18,71429.0,66694.0,138123.0
2018-02-19,92971.0,82135.0,175106.0
2018-02-20,161683.0,137233.0,298916.0
2018-02-21,164840.0,145196.0,310036.0
2018-02-22,168375.0,148002.0,316377.0
2018-02-23,161690.0,146268.0,307958.0
2018-02-24,83965.0,78745.0,162710.0
2018-02-25,66717.0,58630.0,125347.0
2018-02-26,165597.0,139546.0,305143.0
2018-02-27,169050.0,142930.0,311980.0
2018-02-28,167693.0,145862.0,313555.0
2018-03-01,165844.0,143748.0,309592.0
2018-03-02,164675.0,140076.0,304751.0
2018-03-03,81016.0,73931.0,154947.0
2018-03-04,70337.0,62639.0,132976.0
2018-03-05,167817.0,139313.0,307130.0
2018-03-06,176662.0,148109.0,324771.0
2018-03-07,108435.0,95709.0,204144.0
2018-03-08,152360.0,131243.0,283603.0
2018-03-09,160480.0,151809.0,312289.0
2018-03-17,803186.0,717939.0,1521125.0
2018-03-18,74275.0,66123.0,140398.0
2018-03-19,166082.0,137814.0,303896.0
2018-03-20,175273.0,146556.0,321829.0
2018-03-21,91877.0,79420.0,171297.0
2018-03-22,143486.0,123437.0,266923.0
2018-03-23,173282.0,150907.0,324189.0
2018-03-24,95628.0,79043.0,174671.0
2018-03-25,71693.0,63186.0,134879.0
2018-03-26,172167.0,137280.0,309447.0
2018-03-27,178542.0,146974.0,325516.0
2018-03-28,177168.0,148183.0,325351.0
2018-03-29,180029.0,153563.0,333592.0
2018-03-30,137082.0,132610.0,269692.0
2018-03-31,95424.0,100119.0,195543.0
2018-04-01,77487.0,67789.0,145276.0
2018-04-02,164182.0,121901.0,286083.0
2018-04-03,171426.0,148649.0,320075.0
2018-04-04,173225.0,144987.0,318212.0
2018-04-05,175745.0,151092.0,326837.0
2018-04-06,164800.0,145143.0,309943.0
2018-04-07,93772.0,89871.0,183643.0
2018-04-08,80846.0,72896.0,153742.0
2018-04-09,166235.0,138375.0,304610.0
2018-04-10,171924.0,140178.0,312102.0
2018-04-11,170073.0,141871.0,311944.0
2018-04-12,171417.0,144593.0,316010.0
2018-04-13,162388.0,144413.0,306801.0
2018-04-14,94883.0,87069.0,181952.0
2018-04-15,73412.0,68484.0,141896.0
2018-04-16,168764.0,128015.0,296779.0
2018-04-17,169441.0,145833.0,315274.0
2018-04-18,174418.0,147429.0,321847.0
2018-04-19,179061.0,146712.0,325773.0
2018-04-20,151094.0,126099.0,277193.0
2018-04-21,106619.0,95633.0,202252.0
2018-04-22,72043.0,59900.0,131943.0
2018-04-23,161821.0,131879.0,293700.0
2018-04-24,168504.0,141416.0,309920.0
2018-04-25,178889.0,145788.0,324677.0
2018-04-26,174408.0,150016.0,324424.0
2018-04-27,169877.0,150414.0,320291.0
2018-04-28,86443.0,78834.0,165277.0
2018-04-29,73553.0,64998.0,138551.0
2018-04-30,179945.0,139725.0,319670.0
2018-05-01,170746.0,140882.0,311628.0
2018-05-02,171533.0,145351.0,316884.0
2018-05-03,173752.0,147724.0,321476.0
2018-05-04,164674.0,143389.0,308063.0
2018-05-05,94397.0,87177.0,181574.0
2018-05-06,72190.0,63410.0,135600.0
2018-05-07,165032.0,135585.0,300617.0
2018-05-08,171711.0,141546.0,313257.0
2018-05-09,172770.0,147729.0,320499.0
2018-05-10,176257.0,149608.0,325865.0
2018-05-11,166693.0,148435.0,315128.0
2018-05-12,82324.0,86231.0,168555.0
2018-05-13,74670.0,65532.0,140202.0
2018-05-14,171485.0,132548.0,304033.0
2018-05-15,177167.0,150457.0,327624.0
2018-05-16,178359.0,152310.0,330669.0
2018-05-17,182489.0,147084.0,329573.0
2018-05-18,167783.0,150134.0,317917.0
2018-05-19,88499.0,85164.0,173663.0
2018-05-20,74416.0,67340.0,141756.0
2018-05-21,163521.0,132818.0,296339.0
2018-05-22,173777.0,148170.0,321947.0
2018-05-23,174051.0,148511.0,322562.0
2018-05-24,175938.0,148536.0,324474.0
2018-05-25,150262.0,141394.0,291656.0
2018-05-26,79840.0,80712.0,160552.0
2018-05-27,67138.0,63478.0,130616.0
2018-05-28,79565.0,62735.0,142300.0
2018-05-29,171163.0,137062.0,308225.0
2018-05-30,175171.0,142991.0,318162.0
2018-05-31,174468.0,148323.0,322791.0
2018-06-01,168835.0,147048.0,315883.0
2018-06-02,84317.0,82382.0,166699.0
2018-06-03,82291.0,68850.0,151141.0
2018-06-04,171630.0,136219.0,307849.0
2018-06-05,172163.0,144257.0,316420.0
2018-06-06,172659.0,144743.0,317402.0
2018-06-07,174366.0,148112.0,322478.0
2018-06-08,161966.0,146446.0,308412.0
2018-06-09,85165.0,81603.0,166768.0
2018-06-10,81016.0,65839.0,146855.0
2018-06-11,168859.0,134879.0,303738.0
2018-06-12,173470.0,143764.0,317234.0
2018-06-13,177330.0,151921.0,329251.0
2018-06-14,176661.0,149543.0,326204.0
2018-06-15,163188.0,148236.0,311424.0
2018-06-16,79454.0,76646.0,156100.0
2018-06-17,72019.0,59193.0,131212.0
2018-06-18,173279.0,136026.0,309305.0
2018-06-19,174704.0,148696.0,323400.0
2018-06-20,177323.0,149230.0,326553.0
2018-06-21,180519.0,154265.0,334784.0
2018-06-22,84301.0,52883.0,137184.0
2018-06-23,163497.0,166861.0,330358.0
2018-06-24,83056.0,65640.0,148696.0
2018-06-25,167767.0,142908.0,310675.0
2018-06-26,174250.0,147017.0,321267.0
2018-06-27,103151.0,58351.0,161502.0
2018-06-28,251522.0,238954.0,490476.0
2018-06-29,122161.0,105266.0,227427.0
2018-06-30,122142.0,129075.0,251217.0
2018-07-01,46691.0,46838.0,93529.0
2018-07-02,194024.0,153100.0,347124.0
2018-07-03,152668.0,139603.0,292271.0
2018-07-04,64245.0,60714.0,124959.0
2018-07-05,148419.0,120431.0,268850.0
2018-07-06,140528.0,124186.0,264714.0
2018-07-07,82729.0,81333.0,164062.0
2018-07-08,86000.0,67786.0,153786.0
2018-07-09,167106.0,133974.0,301080.0
2018-07-10,167268.0,138704.0,305972.0
2018-07-11,173075.0,140820.0,313895.0
2018-07-12,174244.0,141646.0,315890.0
2018-07-13,157267.0,143104.0,300371.0
2018-07-14,84718.0,79464.0,164182.0
2018-07-16,196456.0,128860.0,325316.0
2018-07-17,30597.0,32924.0,63521.0
2018-07-18,368379.0,319545.0,687924.0
2018-07-19,176791.0,144639.0,321430.0
2018-07-20,160706.0,142736.0,303442.0
2018-07-21,82839.0,76981.0,159820.0
2018-07-22,73774.0,58764.0,132538.0
2018-07-23,168558.0,125118.0,293676.0
2018-07-24,172044.0,140687.0,312731.0
2018-07-25,179873.0,144081.0,323954.0
2018-07-26,176117.0,140804.0,316921.0
2018-07-27,164264.0,148635.0,312899.0
2018-07-28,82776.0,77644.0,160420.0
2018-07-29,79897.0,64045.0,143942.0
2018-07-30,167310.0,128185.0,295495.0
2018-07-31,170016.0,135817.0,305833.0
2018-08-01,172064.0,140366.0,312430.0
2018-08-02,93441.0,49888.0,143329.0
2018-08-03,236252.0,233751.0,470003.0
2018-08-04,77608.0,70903.0,148511.0
2018-08-05,73857.0,60591.0,134448.0
2018-08-06,96769.0,49545.0,146314.0
2018-08-07,234503.0,212379.0,446882.0
2018-08-08,169995.0,133778.0,303773.0
2018-08-09,164116.0,137025.0,301141.0
2018-08-10,157070.0,139125.0,296195.0
2018-08-11,76481.0,68142.0,144623.0
2018-08-12,72707.0,56800.0,129507.0
2018-08-13,161919.0,124697.0,286616.0
2018-08-14,163217.0,133585.0,296802.0
2018-08-15,162919.0,133678.0,296597.0
2018-08-16,163658.0,136147.0,299805.0
2018-08-17,149662.0,132874.0,282536.0
2018-08-18,77663.0,74582.0,152245.0
2018-08-19,74766.0,60734.0,135500.0
2018-08-20,155409.0,122532.0,277941.0
2018-08-21,156563.0,130423.0,286986.0
2018-08-22,160077.0,131142.0,291219.0
2018-08-23,160018.0,134550.0,294568.0
2018-08-24,148067.0,133420.0,281487.0
2018-08-25,82194.0,76262.0,158456.0
2018-08-26,77456.0,63136.0,140592.0
2018-08-27,156542.0,128250.0,284792.0
2018-08-28,162890.0,136132.0,299022.0
2018-08-29,161632.0,132773.0,294405.0
2018-08-30,158537.0,134514.0,293051.0
2018-08-31,140187.0,128242.0,268429.0
2018-09-08,722515.0,632727.0,1355242.0
2018-09-09,83407.0,74871.0,158278.0
2018-09-10,165389.0,136379.0,301768.0
2018-09-11,161922.0,131797.0,293719.0
2018-09-12,180568.0,152515.0,333083.0
2018-09-13,179544.0,147964.0,327508.0
2018-09-14,167908.0,148982.0,316890.0
2018-09-15,92182.0,89488.0,181670.0
2018-09-16,85901.0,74340.0,160241.0
2018-09-17,172111.0,140859.0,312970.0
2018-09-18,168149.0,145669.0,313818.0
2018-09-19,153291.0,131953.0,285244.0
2018-09-20,181785.0,150663.0,332448.0
2018-09-21,170992.0,151351.0,322343.0
2018-09-22,98026.0,97753.0,195779.0
2018-09-23,87948.0,76640.0,164588.0
2018-09-24,167964.0,134052.0,302016.0
2018-09-25,181536.0,160812.0,342348.0
2018-09-26,178707.0,164253.0,342960.0
2018-09-27,180804.0,172362.0,353166.0
2018-09-28,177341.0,164219.0,341560.0
2018-09-29,99826.0,99285.0,199111.0
2018-09-30,83453.0,81398.0,164851.0
2018-10-01,168280.0,150871.0,319151.0
2018-10-02,170195.0,154762.0,324957.0
2018-10-03,178039.0,165020.0,343059.0
2018-10-04,187077.0,177478.0,364555.0
2018-10-05,178734.0,176154.0,354888.0
2018-10-06,108222.0,108520.0,216742.0
2018-10-07,99966.0,93134.0,193100.0
2018-10-08,144125.0,127818.0,271943.0
2018-10-09,181870.0,162004.0,343874.0
2018-10-10,180333.0,167695.0,348028.0
2018-10-11,176560.0,179157.0,355717.0
2018-10-12,173710.0,166987.0,340697.0
2018-10-13,98504.0,87956.0,186460.0
2018-10-14,85722.0,78014.0,163736.0
2018-10-15,175494.0,150897.0,326391.0
2018-10-16,180526.0,163676.0,344202.0
2018-10-17,189613.0,175601.0,365214.0
2018-10-18,186088.0,164635.0,350723.0
2018-10-19,174886.0,158292.0,333178.0
2018-10-20,97146.0,92763.0,189909.0
2018-10-21,91179.0,88282.0,179461.0
2018-10-22,174694.0,157403.0,332097.0
2018-10-23,176402.0,140177.0,316579.0
2018-10-24,178810.0,162708.0,341518.0
2018-10-25,178422.0,156064.0,334486.0
2018-10-26,172348.0,154659.0,327007.0
2018-10-27,90975.0,85670.0,176645.0
2018-10-28,84622.0,79176.0,163798.0
2018-10-29,174639.0,148272.0,322911.0
2018-10-30,182554.0,153802.0,336356.0
2018-10-31,167925.0,150349.0,318274.0
2018-11-01,157686.0,138406.0,296092.0
2018-11-02,139318.0,124243.0,263561.0
2018-11-10,790774.0,700073.0,1490847.0
2018-11-11,109491.0,95542.0,205033.0
2018-11-12,153366.0,126883.0,280249.0
2018-11-13,14131.0,8760.0,22891.0
2018-11-14,344480.0,290684.0,635164.0
2018-11-15,181814.0,171562.0,353376.0
2018-11-16,167488.0,145935.0,313423.0
2018-11-17,93675.0,87370.0,181045.0
2018-11-18,80790.0,71204.0,151994.0
2018-11-19,177259.0,151048.0,328307.0
2018-11-20,181690.0,164034.0,345724.0
2018-11-21,159519.0,158182.0,317701.0
2018-11-22,66352.0,79982.0,146334.0
2018-11-23,118074.0,99529.0,217603.0
2018-11-24,98071.0,80341.0,178412.0
2018-11-25,95344.0,64881.0,160225.0
2018-11-26,177295.0,154102.0,331397.0
2018-11-27,179298.0,160953.0,340251.0
2018-11-28,182035.0,162648.0,344683.0
2018-11-29,183896.0,164522.0,348418.0
2018-11-30,177884.0,165000.0,342884.0
2018-12-01,101587.0,94607.0,196194.0
2018-12-02,80203.0,75432.0,155635.0
2018-12-03,177940.0,158899.0,336839.0
2018-12-04,183155.0,160343.0,343498.0
2018-12-05,178565.0,161367.0,339932.0
2018-12-06,188472.0,166868.0,355340.0
2018-12-07,175956.0,166919.0,342875.0
2018-12-08,106773.0,103038.0,209811.0
2018-12-09,59659.0,60868.0,120527.0
2018-12-10,143020.0,96787.0,239807.0
2018-12-11,181522.0,161633.0,343155.0
2018-12-12,252122.0,249856.0,501978.0
2018-12-13,186154.0,166409.0,352563.0
2018-12-14,181510.0,166798.0,348308.0
2018-12-15,98624.0,94954.0,193578.0
2018-12-16,86676.0,79840.0,166516.0
2018-12-17,176638.0,159134.0,335772.0
2018-12-18,117746.0,80913.0,198659.0
2018-12-19,250182.0,252168.0,502350.0
2018-12-20,183131.0,170979.0,354110.0
2018-12-21,162039.0,150223.0,312262.0
2018-12-22,91128.0,98893.0,190021.0
2018-12-23,89569.0,94501.0,184070.0
2018-12-28,524207.0,457613.0,981820.0
